{
    "nodes": [{
            "nodeId": "node_1",
            "title": "Beginning",
            "date": "1982-08",
            "percent": 0,
            "description": "Met you, at once."
        },
        {
            "nodeId": "node_2",
            "title": "One day",
            "date": "2001/09/01 00:00:00",
            "percent": 18,
            "description": "From that moment, we fell in love.",
            "states": {
                "normal": {
                    "color": "#0088ff",
                    "radius": 12,
                    "border": 6
                },
                "active": {
                    "color": "#004499",
                    "radius": 12,
                    "border": 12
                }
            },
            "board": {
                "width": 280,
                "color_bg": "#0088ff",
                "margin": 10,
                "border": 3,
                "spliter_width": 1
            },
            "effect": 36
        },
        {
            "nodeId": "node_3",
            "title": "Great!",
            "date": "2005/07/01 00:00:00",
            "percent": 45,
            "description": "We get married!",
            "lines": {
                "width": 10,
                "color": "#6699ff"
            },
            "board": {
                "width": 280,
                "color_background": "#88BBff",
                "color_border": "#6699ff",
                "spliter_width": 3
            }

        },
        {
            "nodeId": "node_4",
            "title": "Future",
            "date": "2012/12/20 00:00:00",
            "percent": 97,
            "description": "Hold your hand and grow old together with you."
        }
    ]
}