{
    "nodes": [{
            "nodeId": "node_1",
            "title": "Beginning",
            "date": "1982-08",
            "percent": 0,
            "description": "Met you, at once."
        },
        {
            "nodeId": "node_2",
            "title": "Today",
            "date": "2001/09/01 00:00:00",
            "percent": 18,
            "description": "From that moment, we fell in love."
        },
        {
            "nodeId": "node_4",
            "title": "Future",
            "date": "2012/12/20 00:00:00",
            "percent": 97,
            "description": "Hold your hand and grow old together with you."
        }
    ]
}