{
    "nodes": [{
            "nodeId": "node_1",
            "title": "Beginning",
            "date": "1982-08",
            "percent": 0,
            "description": "This is the beginning of time-line.",
            "states": {
                "normal": {
                    "radius": 30,
                    "border": 20
                },
                "active": {
                    "radius": 35,
                    "border": 12
                }
            }
        },
        {
            "nodeId": "node_2",
            "title": "One day",
            "date": "2001/09/01 00:00:00",
            "percent": 18,
            "description": "I found another way to my dream...",
            "nodes": [{
                    "nodeId": "node_3",
                    "title": "On my way to dream",
                    "date": "2001/09/01 00:00:00",
                    "percent": 40,
                    "description": "It is a beauty word I have never seen before!"
                },
                {
                    "nodeId": "node_4",
                    "title": "Someday?",
                    "date": "1982-08",
                    "percent": 95,
                    "description": "I can make it, I am sure.",
                    "lines": {
                        "type": "dotted",
                        "width": 5,
                        "color_dotted": "#DDDDDD",
                        "stroke_dasharray": "16, 8"
                    },
                    "states": {
                        "normal": {
                            "color": "#DDDDDD",
                            "radius": 12,
                            "border": 6
                        }
                    }
                }
            ]
        },
        {
            "nodeId": "node_5",
            "title": "<span style='color: red;'>Another day</span>",
            "date": "2005/07/01 00:00:00",
            "percent": 35,
            "description": "<img src='images/coreplex.jpg' width='260' height='146' vspace='5' border='0' /><br />Nice! I am already here by default.",
            "nodes": [{
                "nodeId": "node_6",
                "title": "One day",
                "date": "2001/09/01 00:00:00",
                "offsetY": "up",
                "percent": 50,
                "description": "QuickLauncher is a Visual Studio 2012/2010 extension that helps you find and open a specified..."
            }],
            "board": {
                "width": 280,
                "color_background": "#eeddff",
                "color_border": "#8800ff",
                "margin": 10,
                "border": 5,
                "spliter_width": 3
            },
            "states": {
                "normal": {
                    "color": "#0088FF",
                    "color_background": "#eeddff",
                    "radius": 15,
                    "border": 5
                },
                "active": {
                    "color": "#0088FF",
                    "color_background": "#fff000",
                    "border": 2
                }
            }
        },
        {
            "nodeId": "node_998",
            "title": "Future",
            "date": "2012/12/20 00:00:00",
            "percent": 80,
            "description": "The last node of the time-line. The detail board will be on the left of mouse."
        },
        {
            "nodeId": "node_999",
            "title": "Future",
            "date": "2012/12/20 00:00:00",
            "percent": 95,
            "description": "The last node of the time-line. The detail board will be on the left of mouse.",
            "lines": {
                "type": "dotted",
                "stroke_dasharray": "20, 10"
            }
        }
    ]
}